MALS,703487034870348,1150222,2096406
HANA,123451234512341,1150222,1984014
DIAM,032000601376001,1150223,2101270
HERM,123451234512345,1150222,1949417
HANA,123451234512341,1150221,2042928
KTNS,123451234512340,1150221,1940295
KTNS,123451234512340,1150225,1928226
HERM,123451234512345,1150221,2143393
HANA,123451234512341,1150223,1866815
DIAM,032000601376001,1150220,2064155
KTNS,123451234512340,1150225,2039490
KTNS,123451234512340,1150220,2118038
DIAM,032000601376001,1150223,1994078
HERM,123451234512345,1150220,2045008
KTNS,123451234512340,1150220,2076508
HANA,123451234512341,1150220,2002070
DIAM,032000601376001,1150221,1953021
HANA,123451234512341,1150220,1925566
JESS,123451234512346,1150221,1880022
MALS,703487034870348,1150223,1907088
KTNS,123451234512340,1150222,2011167
DIAM,032000601376001,1150222,1940527
MALS,703487034870348,1150221,1975087
KTNS,123451234512340,1150222,2072588
DIAM,032000601376001,1150225,2065938
HANA,123451234512341,1150220,2014497
MALS,703487034870348,1150222,2088542
DIAM,032000601376001,1150221,1998939
HANA,123451234512341,1150223,1997063
HERM,123451234512345,1150223,2048483
MALS,703487034870348,1150223,2000821
HERM,123451234512345,1150224,2047326
DIAM,032000601376001,1150223,2056179
KTNS,123451234512340,1150224,2000692
DIAM,032000601376001,1150222,2072092
HERM,123451234512345,1150223,1944502
HERM,123451234512345,1150225,1955492
KTNS,123451234512340,1150221,2005111
JESS,123451234512346,1150221,1885103
HANA,123451234512341,1150224,2068163
JESS,123451234512346,1150224,1967377
HANA,123451234512341,1150224,1963036
HERM,123451234512345,1150223,2002382
KTNS,123451234512340,1150224,2099740
DIAM,032000601376001,1150224,1840241
DIAM,032000601376001,1150220,1907318
HERM,123451234512345,1150225,2000377
DIAM,032000601376001,1150225,1959160
KTNS,123451234512340,1150225,1943277
JESS,123451234512346,1150223,2002343
MALS,703487034870348,1150225,2036055
JESS,123451234512346,1150224,1956744
KTNS,123451234512340,1150224,2027571
DIAM,032000601376001,1150224,2311052
MALS,703487034870348,1150222,2068002
MALS,703487034870348,1150225,1956189
DIAM,032000601376001,1150220,1848362
DIAM,032000601376001,1150222,2038892
DIAM,032000601376001,1150223,2026497
JESS,123451234512346,1150224,2099098
DTV,032001402277001,1150221,1855160
DIAM,032000601376001,1150222,2008949
MALS,703487034870348,1150222,2117095
HANA,123451234512341,1150222,2013388
HERM,123451234512345,1150220,1880842
MALS,703487034870348,1150224,1884477
HANA,123451234512341,1150225,1980664
HERM,123451234512345,1150222,1926353
DTV,032001402277001,1150221,2028159
HERM,123451234512345,1150223,1964361
HERM,123451234512345,1150224,1977537
DIAM,032000601376001,1150224,1814202
DTV,032001402277001,1150225,1981308
HANA,123451234512341,1150221,2110231
MALS,703487034870348,1150220,2028612
JESS,123451234512346,1150224,1893486
DIAM,032000601376001,1150220,2098546
MALS,703487034870348,1150222,2203669
MALS,703487034870348,1150224,1989303
JESS,123451234512346,1150224,1897356
KTNS,123451234512340,1150224,1798484
DTV,032001402277001,1150225,2114137
KTNS,123451234512340,1150220,1865074
KTNS,123451234512340,1150220,2251985
HANA,123451234512341,1150223,1979489
DIAM,032000601376001,1150223,1847550
HERM,123451234512345,1150220,2059724
DTV,032001402277001,1150225,2085745
MALS,703487034870348,1150224,2173692
DIAM,032000601376001,1150225,1929394
KTNS,123451234512340,1150223,2018400
JESS,123451234512346,1150221,2008724
DTV,032001402277001,1150225,1853657
MALS,703487034870348,1150222,2105723
MALS,703487034870348,1150222,2075902
HANA,123451234512341,1150222,1955755
JESS,123451234512346,1150224,1976740
KTNS,123451234512340,1150224,1973574
JESS,123451234512346,1150223,2074355
MALS,703487034870348,1150221,2023427
KTNS,123451234512340,1150222,1994061
MALS,703487034870348,1150224,1909009
HANA,123451234512341,1150221,2092945
DTV,032001402277001,1150220,2172602
KTNS,123451234512340,1150221,2087303
KTNS,123451234512340,1150224,2015971
HANA,123451234512341,1150224,2086379
KTNS,123451234512340,1150221,2063702
HERM,123451234512345,1150222,2081991
JESS,123451234512346,1150224,1999478
HERM,123451234512345,1150225,2084822
DTV,032001402277001,1150224,2044197
DIAM,032000601376001,1150221,1957147
MALS,703487034870348,1150220,1999540
DIAM,032000601376001,1150222,1918901
KTNS,123451234512340,1150223,2004597
HERM,123451234512345,1150224,1948253
HANA,123451234512341,1150220,1733767
DTV,032001402277001,1150221,1962710
DIAM,032000601376001,1150221,1991146
JESS,123451234512346,1150221,1841463
HANA,123451234512341,1150220,2076438
HERM,123451234512345,1150225,2009808
KTNS,123451234512340,1150223,1958125
HANA,123451234512341,1150225,2088286
MALS,703487034870348,1150224,1880748
JESS,123451234512346,1150223,2107765
DIAM,032000601376001,1150224,2099622
KTNS,123451234512340,1150224,2106200
JESS,123451234512346,1150225,2033301
MALS,703487034870348,1150225,1881900
HERM,123451234512345,1150221,2186085
MALS,703487034870348,1150223,1935742
JESS,123451234512346,1150223,1969323
DTV,032001402277001,1150223,1980516
HANA,123451234512341,1150223,1938005
DTV,032001402277001,1150220,2147723
HERM,123451234512345,1150223,2144635
JESS,123451234512346,1150225,2029792
DTV,032001402277001,1150220,1895818
HERM,123451234512345,1150223,1908026
DTV,032001402277001,1150224,2006068
MALS,703487034870348,1150225,1963081
MALS,703487034870348,1150225,1866049
HERM,123451234512345,1150222,1930075
HERM,123451234512345,1150224,1908487
MALS,703487034870348,1150223,2015464
HERM,123451234512345,1150221,1772066
DIAM,032000601376001,1150220,1945228
HERM,123451234512345,1150223,2080259
MALS,703487034870348,1150225,1980479
HERM,123451234512345,1150222,1944001
JESS,123451234512346,1150221,2083529
DTV,032001402277001,1150223,1761244
KTNS,123451234512340,1150224,1846813
JESS,123451234512346,1150224,2035353
HERM,123451234512345,1150220,1971776
MALS,703487034870348,1150222,1954000
HERM,123451234512345,1150223,2009351
DTV,032001402277001,1150223,2099809
DIAM,032000601376001,1150224,1935587
MALS,703487034870348,1150220,1923324
KTNS,123451234512340,1150224,1949850
KTNS,123451234512340,1150224,1917321
HANA,123451234512341,1150221,2049597
KTNS,123451234512340,1150222,1921880
HERM,123451234512345,1150222,2140704
DTV,032001402277001,1150225,2027979
MALS,703487034870348,1150222,2017855
DTV,032001402277001,1150220,1860994
JESS,123451234512346,1150221,2104220
KTNS,123451234512340,1150223,2109883
DIAM,032000601376001,1150222,1969986
DTV,032001402277001,1150222,1925007
DIAM,032000601376001,1150225,2079601
KTNS,123451234512340,1150225,2204009
DIAM,032000601376001,1150223,2162170
KTNS,123451234512340,1150220,2066014
KTNS,123451234512340,1150223,2147672
MALS,703487034870348,1150223,2060835
JESS,123451234512346,1150222,1918004
HANA,123451234512341,1150224,2096285
MALS,703487034870348,1150224,2012861
DTV,032001402277001,1150223,2018548
DTV,032001402277001,1150221,1977449
DTV,032001402277001,1150220,2148573
KTNS,123451234512340,1150225,1910469
HANA,123451234512341,1150222,2097487
JESS,123451234512346,1150221,2056146
HANA,123451234512341,1150222,1918549
DIAM,032000601376001,1150223,2098919
HERM,123451234512345,1150224,1910556
KTNS,123451234512340,1150221,2015879
HERM,123451234512345,1150221,2105535
HERM,123451234512345,1150222,1968852
JESS,123451234512346,1150220,2249155
KTNS,123451234512340,1150220,1963176
DIAM,032000601376001,1150220,2059357
DTV,032001402277001,1150223,1917116
DIAM,032000601376001,1150223,1960637
MALS,703487034870348,1150222,1909604
DIAM,032000601376001,1150221,1769902
JESS,123451234512346,1150220,2248416
KTNS,123451234512340,1150224,2026632
JESS,123451234512346,1150224,1960346
MALS,703487034870348,1150220,1884378
MALS,703487034870348,1150220,2015463
HANA,123451234512341,1150222,1989495
KTNS,123451234512340,1150224,2005169
DTV,032001402277001,1150223,2144711
DIAM,032000601376001,1150223,2015443
JESS,123451234512346,1150221,2003062
KTNS,123451234512340,1150225,1928834
KTNS,123451234512340,1150223,2120254
HANA,123451234512341,1150224,2067494
HERM,123451234512345,1150220,1924530
DTV,032001402277001,1150225,1990513
DTV,032001402277001,1150221,2005450
DTV,032001402277001,1150224,1950053
KTNS,123451234512340,1150222,1868693
DTV,032001402277001,1150221,1873870
HERM,123451234512345,1150221,2057023
DIAM,032000601376001,1150223,1943246
KTNS,123451234512340,1150221,1860862
JESS,123451234512346,1150223,1902221
DTV,032001402277001,1150221,1971901
DIAM,032000601376001,1150220,2106677
HERM,123451234512345,1150225,2041353
DTV,032001402277001,1150225,1978365
HERM,123451234512345,1150221,2159973
JESS,123451234512346,1150224,2286774
DIAM,032000601376001,1150224,2237801
MALS,703487034870348,1150225,1882169
KTNS,123451234512340,1150224,1939166
MALS,703487034870348,1150224,1943946
HANA,123451234512341,1150224,2075213
HERM,123451234512345,1150221,1875652
DIAM,032000601376001,1150225,2093939
DTV,032001402277001,1150221,1899113
HERM,123451234512345,1150225,2166587
DTV,032001402277001,1150224,2013143
MALS,703487034870348,1150223,2023320
DIAM,032000601376001,1150221,1888750
HERM,123451234512345,1150223,2072006
MALS,703487034870348,1150220,2004306
KTNS,123451234512340,1150223,1919316
DTV,032001402277001,1150222,2148040
DTV,032001402277001,1150220,1906548
DTV,032001402277001,1150221,2044733
DTV,032001402277001,1150225,2006171
DTV,032001402277001,1150223,2196805
KTNS,123451234512340,1150225,2041343
HANA,123451234512341,1150224,2074053
KTNS,123451234512340,1150222,2002032
KTNS,123451234512340,1150222,1938396
HANA,123451234512341,1150222,1922208
HERM,123451234512345,1150223,1954565
MALS,703487034870348,1150220,1955668
MALS,703487034870348,1150225,1948196
DIAM,032000601376001,1150220,2051539
DTV,032001402277001,1150225,2015514
HANA,123451234512341,1150225,2156642
MALS,703487034870348,1150223,1972458
MALS,703487034870348,1150221,2032428
DTV,032001402277001,1150223,2128339
HERM,123451234512345,1150221,1893211
JESS,123451234512346,1150221,2229336
JESS,123451234512346,1150224,1983897
HERM,123451234512345,1150224,2094441
HANA,123451234512341,1150222,2074151
DIAM,032000601376001,1150224,2070527
MALS,703487034870348,1150224,1985084
HERM,123451234512345,1150221,1970342
MALS,703487034870348,1150222,2064417
KTNS,123451234512340,1150225,1993003
HANA,123451234512341,1150221,1970369
HERM,123451234512345,1150225,2103686
HANA,123451234512341,1150224,2016914
MALS,703487034870348,1150224,2162450
HANA,123451234512341,1150225,2042449
HANA,123451234512341,1150224,2017337
MALS,703487034870348,1150225,1828244
HANA,123451234512341,1150221,1859408
HERM,123451234512345,1150222,2020221
HERM,123451234512345,1150224,2052714
DTV,032001402277001,1150224,1938399
JESS,123451234512346,1150223,2000113
HANA,123451234512341,1150222,2080466
KTNS,123451234512340,1150220,2051794
DTV,032001402277001,1150224,2007339
JESS,123451234512346,1150220,1980720
KTNS,123451234512340,1150225,1809091
HANA,123451234512341,1150221,1970969
JESS,123451234512346,1150221,2193523
HANA,123451234512341,1150220,2049475
DIAM,032000601376001,1150225,2064401
DIAM,032000601376001,1150221,2044294
HERM,123451234512345,1150220,1955893
HANA,123451234512341,1150223,1884934
DTV,032001402277001,1150220,2013925
JESS,123451234512346,1150222,1785443
HERM,123451234512345,1150221,1935378
JESS,123451234512346,1150223,2013166
HANA,123451234512341,1150220,1922075
HANA,123451234512341,1150224,2086996
DIAM,032000601376001,1150220,2106219
KTNS,123451234512340,1150222,1990057
DIAM,032000601376001,1150225,1913792
MALS,703487034870348,1150224,1938642
JESS,123451234512346,1150223,2086241
HERM,123451234512345,1150225,1939695
HERM,123451234512345,1150223,1942578
DIAM,032000601376001,1150224,1983243
KTNS,123451234512340,1150222,2064567
DTV,032001402277001,1150220,1986492
MALS,703487034870348,1150225,1954504
MALS,703487034870348,1150224,2095049
HANA,123451234512341,1150223,2003677
DIAM,032000601376001,1150220,2162800
KTNS,123451234512340,1150223,2062652
DIAM,032000601376001,1150223,2017559
HANA,123451234512341,1150221,1872866
JESS,123451234512346,1150221,1847764
HANA,123451234512341,1150221,2008127
DIAM,032000601376001,1150221,1936091
DIAM,032000601376001,1150220,2033879
MALS,703487034870348,1150220,2008868
MALS,703487034870348,1150223,1929534
DTV,032001402277001,1150221,2144302
HANA,123451234512341,1150220,1976558
HERM,123451234512345,1150221,2072855
DIAM,032000601376001,1150223,2317410
HANA,123451234512341,1150224,1854803
KTNS,123451234512340,1150222,2015867
MALS,703487034870348,1150224,1936388
HANA,123451234512341,1150220,2112479
HANA,123451234512341,1150224,1740194
MALS,703487034870348,1150222,2095056
MALS,703487034870348,1150221,2027061
HERM,123451234512345,1150220,1989080
HANA,123451234512341,1150224,1946355
HANA,123451234512341,1150224,1816659
HERM,123451234512345,1150222,2001711
HERM,123451234512345,1150224,2014523
HERM,123451234512345,1150223,1906054
DTV,032001402277001,1150221,1933285
HANA,123451234512341,1150222,2093346
HERM,123451234512345,1150222,1972695
HANA,123451234512341,1150220,2077765
DIAM,032000601376001,1150220,2006714
KTNS,123451234512340,1150220,2055163
MALS,703487034870348,1150224,1885782
DTV,032001402277001,1150224,2178846
DIAM,032000601376001,1150224,1802232
DTV,032001402277001,1150222,2012022
JESS,123451234512346,1150220,1843045
KTNS,123451234512340,1150222,2320210
HERM,123451234512345,1150220,2105843
HERM,123451234512345,1150223,1956374
JESS,123451234512346,1150221,1900650
DTV,032001402277001,1150224,1916379
HERM,123451234512345,1150224,2023584
JESS,123451234512346,1150222,1890556
HERM,123451234512345,1150223,2153146
MALS,703487034870348,1150225,1948887
MALS,703487034870348,1150220,1916988
DTV,032001402277001,1150221,1844822
JESS,123451234512346,1150221,1917261
DTV,032001402277001,1150225,2018112
KTNS,123451234512340,1150220,2133193
HANA,123451234512341,1150221,1920883
DTV,032001402277001,1150224,1896822
DIAM,032000601376001,1150221,2026586
KTNS,123451234512340,1150223,1861485
DTV,032001402277001,1150225,2165080
MALS,703487034870348,1150220,1822901
DIAM,032000601376001,1150220,2053858
MALS,703487034870348,1150225,2137329
KTNS,123451234512340,1150225,1893660
HERM,123451234512345,1150223,1795592
DIAM,032000601376001,1150225,2102379
DIAM,032000601376001,1150223,2033343
DIAM,032000601376001,1150222,2105791
DTV,032001402277001,1150222,1992489
DTV,032001402277001,1150223,2027981
DIAM,032000601376001,1150225,2124908
DIAM,032000601376001,1150222,2140219
DTV,032001402277001,1150222,1946401
DIAM,032000601376001,1150220,1911150
HERM,123451234512345,1150225,2069291
DIAM,032000601376001,1150221,1907275
DIAM,032000601376001,1150221,2046096
KTNS,123451234512340,1150220,2090590
HANA,123451234512341,1150222,1850377
HANA,123451234512341,1150221,1951966
KTNS,123451234512340,1150220,1888986
MALS,703487034870348,1150221,2136664
HERM,123451234512345,1150222,2134112
MALS,703487034870348,1150220,1876569
JESS,123451234512346,1150221,1968549
HERM,123451234512345,1150225,1967796
DIAM,032000601376001,1150225,1959183
JESS,123451234512346,1150224,1933507
DIAM,032000601376001,1150221,2117579
DTV,032001402277001,1150222,1941266
HANA,123451234512341,1150224,1989810
KTNS,123451234512340,1150225,1936952
DIAM,032000601376001,1150224,1965475
DTV,032001402277001,1150221,2095576
DIAM,032000601376001,1150224,2100129
JESS,123451234512346,1150224,2064615
HANA,123451234512341,1150222,1998008
KTNS,123451234512340,1150220,2046014
MALS,703487034870348,1150224,1837042
DIAM,032000601376001,1150221,2134704
MALS,703487034870348,1150221,1969110
HANA,123451234512341,1150220,2033632
DTV,032001402277001,1150224,2043260
JESS,123451234512346,1150225,1780811
DIAM,032000601376001,1150222,2030446
JESS,123451234512346,1150225,1900299
HANA,123451234512341,1150221,2000841
DTV,032001402277001,1150222,1891869
JESS,123451234512346,1150224,2029459
KTNS,123451234512340,1150220,1931748
DTV,032001402277001,1150221,2141114
DTV,032001402277001,1150223,1947824
HERM,123451234512345,1150221,1700619
MALS,703487034870348,1150222,1808318
DTV,032001402277001,1150220,2071938
DTV,032001402277001,1150223,2011144
HERM,123451234512345,1150225,2030112
HANA,123451234512341,1150220,2147269
MALS,703487034870348,1150223,2073131
JESS,123451234512346,1150220,1851346
MALS,703487034870348,1150222,1781756
MALS,703487034870348,1150223,1894676
HANA,123451234512341,1150220,2125358
MALS,703487034870348,1150221,1866839
KTNS,123451234512340,1150220,1978572
HERM,123451234512345,1150220,2018377
DIAM,032000601376001,1150221,2145627
DTV,032001402277001,1150225,1914261
MALS,703487034870348,1150224,1994283
HERM,123451234512345,1150221,1870022
KTNS,123451234512340,1150225,2093771
HANA,123451234512341,1150224,1957057
JESS,123451234512346,1150221,1924169
MALS,703487034870348,1150222,1980653
HERM,123451234512345,1150224,2088371
KTNS,123451234512340,1150224,1962467
HERM,123451234512345,1150222,1945021
JESS,123451234512346,1150222,2003976
DTV,032001402277001,1150223,2047422
HERM,123451234512345,1150220,2054097
MALS,703487034870348,1150222,2071931
HERM,123451234512345,1150223,1979026
HERM,123451234512345,1150223,2146211
DTV,032001402277001,1150222,2161246
MALS,703487034870348,1150220,1929607
HERM,123451234512345,1150222,2127357
DIAM,032000601376001,1150224,2157800
DIAM,032000601376001,1150222,2179201
DTV,032001402277001,1150222,2041164
HANA,123451234512341,1150221,1819365
HANA,123451234512341,1150220,1903970
MALS,703487034870348,1150222,2011551
KTNS,123451234512340,1150225,2134703
HANA,123451234512341,1150220,2003487
HANA,123451234512341,1150223,1902657
HERM,123451234512345,1150222,2209508
JESS,123451234512346,1150224,1989415
MALS,703487034870348,1150224,2207419
KTNS,123451234512340,1150225,2037658
DIAM,032000601376001,1150223,2032002
HERM,123451234512345,1150221,2066337
DTV,032001402277001,1150225,2013168
DTV,032001402277001,1150223,2010349
DTV,032001402277001,1150220,2011749
DIAM,032000601376001,1150222,1770123
KTNS,123451234512340,1150221,1954269
JESS,123451234512346,1150225,2001097
HERM,123451234512345,1150222,1902858
HANA,123451234512341,1150222,1880368
HANA,123451234512341,1150221,1835828
HERM,123451234512345,1150222,2175905
DIAM,032000601376001,1150225,1999344
DTV,032001402277001,1150223,1963643
MALS,703487034870348,1150224,1818660
HANA,123451234512341,1150221,1925928
DTV,032001402277001,1150224,2117536
HERM,123451234512345,1150222,1949760
KTNS,123451234512340,1150221,1913133
HERM,123451234512345,1150220,1858430
DTV,032001402277001,1150225,2039051
HANA,123451234512341,1150223,1810967
MALS,703487034870348,1150222,1989531
DIAM,032000601376001,1150225,2053147
MALS,703487034870348,1150223,2021231
JESS,123451234512346,1150222,2155139
KTNS,123451234512340,1150225,1731103
DTV,032001402277001,1150223,2117361
KTNS,123451234512340,1150220,1992742
DTV,032001402277001,1150223,1928710
DIAM,032000601376001,1150225,1981474
HANA,123451234512341,1150224,1807698
HANA,123451234512341,1150222,1925457
MALS,703487034870348,1150220,2174159
MALS,703487034870348,1150224,2116601
JESS,123451234512346,1150225,1987529
DTV,032001402277001,1150224,2051206
DIAM,032000601376001,1150225,2086472
JESS,123451234512346,1150223,1877422
HERM,123451234512345,1150220,2020424
HANA,123451234512341,1150224,2000834
KTNS,123451234512340,1150225,1888201
DIAM,032000601376001,1150223,1931952
DTV,032001402277001,1150221,2025483
HANA,123451234512341,1150222,2082469
MALS,703487034870348,1150221,1916514
DTV,032001402277001,1150221,1955881
JESS,123451234512346,1150222,1920931
DTV,032001402277001,1150220,2039888
DTV,032001402277001,1150222,1912483
DTV,032001402277001,1150220,2020603
JESS,123451234512346,1150220,1864667
HANA,123451234512341,1150225,2117411
HANA,123451234512341,1150221,2172161
MALS,703487034870348,1150225,1778343
JESS,123451234512346,1150220,1958407
DIAM,032000601376001,1150223,2037332
DTV,032001402277001,1150224,2030407
JESS,123451234512346,1150224,2091833
HANA,123451234512341,1150223,2111705
KTNS,123451234512340,1150223,1943324
HANA,123451234512341,1150225,2180475
DIAM,032000601376001,1150222,1973936
JESS,123451234512346,1150222,1959467
HERM,123451234512345,1150224,2028299
DTV,032001402277001,1150223,2017556
HERM,123451234512345,1150221,2184270
DTV,032001402277001,1150223,2075598
MALS,703487034870348,1150220,1973869
KTNS,123451234512340,1150225,1901957
HERM,123451234512345,1150221,2057537
MALS,703487034870348,1150222,2029782
MALS,703487034870348,1150220,2060170
HERM,123451234512345,1150221,2172346
HANA,123451234512341,1150222,2070091
KTNS,123451234512340,1150225,1999061
JESS,123451234512346,1150223,2029537
HANA,123451234512341,1150220,2149368
HANA,123451234512341,1150221,2004837
DIAM,032000601376001,1150222,1998663
DTV,032001402277001,1150221,1778832
DTV,032001402277001,1150221,1943838
DTV,032001402277001,1150222,2138477
MALS,703487034870348,1150220,1977260
DIAM,032000601376001,1150224,1928516
KTNS,123451234512340,1150220,2001886
MALS,703487034870348,1150221,2037501
DIAM,032000601376001,1150223,1931892
JESS,123451234512346,1150222,2006934
MALS,703487034870348,1150223,2018450
DTV,032001402277001,1150225,2165455
DIAM,032000601376001,1150225,1993910
KTNS,123451234512340,1150225,1998409
HANA,123451234512341,1150222,2025324
DIAM,032000601376001,1150220,1978992
KTNS,123451234512340,1150223,2150238
MALS,703487034870348,1150224,2050729
DTV,032001402277001,1150223,1911565
JESS,123451234512346,1150221,1928663
HERM,123451234512345,1150223,1970474
MALS,703487034870348,1150224,1844958
KTNS,123451234512340,1150224,1942408
DIAM,032000601376001,1150222,1936250
JESS,123451234512346,1150221,1994535
DIAM,032000601376001,1150220,2035901
DIAM,032000601376001,1150225,2002081
JESS,123451234512346,1150222,1901834
HERM,123451234512345,1150222,1901482
KTNS,123451234512340,1150224,2049785
HANA,123451234512341,1150224,2100012
DTV,032001402277001,1150221,1910697
HANA,123451234512341,1150225,1969603
HERM,123451234512345,1150223,2010930
MALS,703487034870348,1150222,1999947
MALS,703487034870348,1150222,1805344
MALS,703487034870348,1150223,1922821
DIAM,032000601376001,1150224,1760779
HERM,123451234512345,1150221,2077750
KTNS,123451234512340,1150224,1863969
JESS,123451234512346,1150223,2056897
JESS,123451234512346,1150220,2028345
MALS,703487034870348,1150223,1745781
KTNS,123451234512340,1150221,1854375
HANA,123451234512341,1150224,2094167
JESS,123451234512346,1150225,2005908
KTNS,123451234512340,1150223,1903041
HERM,123451234512345,1150221,2116546
JESS,123451234512346,1150220,1965010
HERM,123451234512345,1150220,2069884
DTV,032001402277001,1150221,1937183
HANA,123451234512341,1150221,2098139
MALS,703487034870348,1150224,2067456
DTV,032001402277001,1150220,1869714
KTNS,123451234512340,1150222,2009703
KTNS,123451234512340,1150223,1981315
HERM,123451234512345,1150222,2024339
DTV,032001402277001,1150223,2031605
HANA,123451234512341,1150222,1973545
JESS,123451234512346,1150222,1912852
KTNS,123451234512340,1150222,2103229
KTNS,123451234512340,1150224,1949498
KTNS,123451234512340,1150223,1979054
JESS,123451234512346,1150223,2012355
HERM,123451234512345,1150225,2233382
MALS,703487034870348,1150220,2119178
MALS,703487034870348,1150224,2033197
HANA,123451234512341,1150223,1871808
JESS,123451234512346,1150224,1925269
HERM,123451234512345,1150223,1895162
DTV,032001402277001,1150225,1917668
HANA,123451234512341,1150220,1989316
HANA,123451234512341,1150223,1926242
DTV,032001402277001,1150224,2012067
MALS,703487034870348,1150224,2016539
HERM,123451234512345,1150221,2010451
DTV,032001402277001,1150224,1871326
MALS,703487034870348,1150220,1983502
KTNS,123451234512340,1150221,2108198
DTV,032001402277001,1150223,1996092
KTNS,123451234512340,1150223,1922526
KTNS,123451234512340,1150220,2011066
DTV,032001402277001,1150225,1971817
DTV,032001402277001,1150222,1929152
HERM,123451234512345,1150223,2170623
JESS,123451234512346,1150225,2076261
HERM,123451234512345,1150224,2099140
DIAM,032000601376001,1150223,1953370
DTV,032001402277001,1150220,1904253
HANA,123451234512341,1150221,2063528
HANA,123451234512341,1150221,2059283
DTV,032001402277001,1150222,2092119
DIAM,032000601376001,1150220,2070085
HERM,123451234512345,1150221,1742759
HERM,123451234512345,1150225,2103318
HANA,123451234512341,1150220,2036553
JESS,123451234512346,1150220,1991744
JESS,123451234512346,1150222,2002580
HERM,123451234512345,1150223,2100024
HANA,123451234512341,1150221,2095661
KTNS,123451234512340,1150225,2176503
DTV,032001402277001,1150224,1924133
DTV,032001402277001,1150221,1747747
DTV,032001402277001,1150224,1956440
DTV,032001402277001,1150225,1982891
JESS,123451234512346,1150220,2029380
DIAM,032000601376001,1150220,2103394
KTNS,123451234512340,1150224,2056808
KTNS,123451234512340,1150220,2075860
MALS,703487034870348,1150220,1963704
KTNS,123451234512340,1150222,2003146
DIAM,032000601376001,1150221,1914174
DTV,032001402277001,1150224,2219642
HERM,123451234512345,1150220,2028722
JESS,123451234512346,1150224,1965987
JESS,123451234512346,1150221,2071340
KTNS,123451234512340,1150222,2149650
HANA,123451234512341,1150220,2085000
JESS,123451234512346,1150220,2099791
KTNS,123451234512340,1150225,2005522
HERM,123451234512345,1150223,2081883
KTNS,123451234512340,1150223,1989463
HANA,123451234512341,1150220,1932937
HANA,123451234512341,1150221,1876812
MALS,703487034870348,1150224,2018703
MALS,703487034870348,1150225,2033144
HERM,123451234512345,1150221,2088433
DIAM,032000601376001,1150222,2075888
MALS,703487034870348,1150223,1901097
DIAM,032000601376001,1150222,2064967
MALS,703487034870348,1150222,1965131
DIAM,032000601376001,1150223,1938497
HERM,123451234512345,1150224,1975765
HERM,123451234512345,1150224,2029172
JESS,123451234512346,1150223,2106591
MALS,703487034870348,1150225,2114135
MALS,703487034870348,1150224,2128338
DTV,032001402277001,1150224,2045019
MALS,703487034870348,1150223,2006605
JESS,123451234512346,1150222,1878386
HERM,123451234512345,1150221,1821679
KTNS,123451234512340,1150222,2061833
DIAM,032000601376001,1150225,2053917
JESS,123451234512346,1150225,1972371
HERM,123451234512345,1150223,1936217
MALS,703487034870348,1150221,2071225
HANA,123451234512341,1150223,2178726
MALS,703487034870348,1150223,2035025
DIAM,032000601376001,1150222,1898958
HERM,123451234512345,1150221,2073820
MALS,703487034870348,1150223,2015836
HANA,123451234512341,1150222,1993520
DIAM,032000601376001,1150224,1943972
JESS,123451234512346,1150220,1999780
HANA,123451234512341,1150225,2054510
MALS,703487034870348,1150225,1831916
DTV,032001402277001,1150224,1854641
DTV,032001402277001,1150223,2030734
HERM,123451234512345,1150221,1986496
DTV,032001402277001,1150222,1964277
DTV,032001402277001,1150221,2112113
DTV,032001402277001,1150223,1922580
JESS,123451234512346,1150220,1856207
JESS,123451234512346,1150220,2007602
HANA,123451234512341,1150223,2024970
KTNS,123451234512340,1150224,2157092
HANA,123451234512341,1150222,2036794
JESS,123451234512346,1150224,2124271
DIAM,032000601376001,1150223,1910146
DTV,032001402277001,1150224,1955380
DTV,032001402277001,1150223,2054123
KTNS,123451234512340,1150221,1920150
HERM,123451234512345,1150222,1717219
JESS,123451234512346,1150222,2192396
HERM,123451234512345,1150224,1933607
MALS,703487034870348,1150225,1963342
HERM,123451234512345,1150222,2036202
KTNS,123451234512340,1150222,2050470
DTV,032001402277001,1150223,2078462
HANA,123451234512341,1150220,2121762
KTNS,123451234512340,1150225,2051076
DIAM,032000601376001,1150225,1985108
DIAM,032000601376001,1150221,1967171
DTV,032001402277001,1150224,1900819
HERM,123451234512345,1150225,1933553
KTNS,123451234512340,1150222,1899562
DIAM,032000601376001,1150222,1977988
MALS,703487034870348,1150224,1972797
KTNS,123451234512340,1150220,1960893
JESS,123451234512346,1150220,1919696
KTNS,123451234512340,1150220,1988576
MALS,703487034870348,1150224,1918384
KTNS,123451234512340,1150221,2053577
HERM,123451234512345,1150224,2336114
MALS,703487034870348,1150225,2105629
HERM,123451234512345,1150223,2098356
HANA,123451234512341,1150222,1897026
HANA,123451234512341,1150224,2058625
DTV,032001402277001,1150225,2024786
DIAM,032000601376001,1150220,2033388
DIAM,032000601376001,1150223,1978993
HERM,123451234512345,1150224,2009575
DTV,032001402277001,1150222,1994398
KTNS,123451234512340,1150225,2147854
DTV,032001402277001,1150220,1822994
MALS,703487034870348,1150225,2076538
DTV,032001402277001,1150224,1929943
JESS,123451234512346,1150224,1921563
KTNS,123451234512340,1150224,1964650
KTNS,123451234512340,1150220,1979930
DIAM,032000601376001,1150225,1923046
JESS,123451234512346,1150220,2016138
DIAM,032000601376001,1150222,2091607
MALS,703487034870348,1150224,2082767
MALS,703487034870348,1150225,1973389
DIAM,032000601376001,1150225,2266367
HANA,123451234512341,1150221,1836585
DTV,032001402277001,1150222,1998026
KTNS,123451234512340,1150224,1988653
DIAM,032000601376001,1150223,2000605
KTNS,123451234512340,1150221,2028899
DTV,032001402277001,1150224,2058150
DTV,032001402277001,1150224,1845548
HERM,123451234512345,1150223,1965987
KTNS,123451234512340,1150220,2088199
KTNS,123451234512340,1150222,1961926
DTV,032001402277001,1150224,2003990
HANA,123451234512341,1150221,2204078
HANA,123451234512341,1150225,2052209
JESS,123451234512346,1150221,1955624
HERM,123451234512345,1150220,1982946
JESS,123451234512346,1150222,1969783
JESS,123451234512346,1150224,2114263
HANA,123451234512341,1150222,1874341
JESS,123451234512346,1150225,1894257
HANA,123451234512341,1150224,2175148
HERM,123451234512345,1150220,1954796
HERM,123451234512345,1150222,1842296
MALS,703487034870348,1150221,2008670
DTV,032001402277001,1150224,2024387
DIAM,032000601376001,1150222,1992441
HANA,123451234512341,1150223,1982279
DTV,032001402277001,1150220,1997697
HERM,123451234512345,1150223,1869257
HERM,123451234512345,1150222,1981463
JESS,123451234512346,1150222,1903834
KTNS,123451234512340,1150224,1969681
HANA,123451234512341,1150220,1907939
KTNS,123451234512340,1150223,1952553
KTNS,123451234512340,1150225,1984901
DTV,032001402277001,1150223,1991877
MALS,703487034870348,1150222,2052336
JESS,123451234512346,1150223,1896018
KTNS,123451234512340,1150222,2092664
MALS,703487034870348,1150220,2117184
DIAM,032000601376001,1150225,2143718
KTNS,123451234512340,1150223,1980699
DIAM,032000601376001,1150221,2104684
DTV,032001402277001,1150223,1923070
MALS,703487034870348,1150220,1947482
HERM,123451234512345,1150225,2031828
HERM,123451234512345,1150220,2055278
HERM,123451234512345,1150223,1958248
KTNS,123451234512340,1150225,1927364
HERM,123451234512345,1150223,2195487
HERM,123451234512345,1150221,1865565
JESS,123451234512346,1150223,1988416
HANA,123451234512341,1150220,1871922
JESS,123451234512346,1150223,1908938
DTV,032001402277001,1150220,1871183
MALS,703487034870348,1150225,1922301
HANA,123451234512341,1150224,1975598
KTNS,123451234512340,1150220,1939453
DTV,032001402277001,1150222,2004414
JESS,123451234512346,1150221,1887979
JESS,123451234512346,1150224,2055640
DIAM,032000601376001,1150220,2055725
JESS,123451234512346,1150223,1781093
KTNS,123451234512340,1150222,1874643
HANA,123451234512341,1150224,1900366
HERM,123451234512345,1150221,2071773
DIAM,032000601376001,1150220,1967830
MALS,703487034870348,1150222,2199128
DIAM,032000601376001,1150223,2096394
DIAM,032000601376001,1150225,2047146
DTV,032001402277001,1150225,2191277
HANA,123451234512341,1150222,2037404
DTV,032001402277001,1150224,1963773
DIAM,032000601376001,1150223,1824272
HERM,123451234512345,1150221,2175940
KTNS,123451234512340,1150221,2060379
HANA,123451234512341,1150221,2036099
JESS,123451234512346,1150224,2087716
DTV,032001402277001,1150221,2025501
HERM,123451234512345,1150221,2028506
MALS,703487034870348,1150222,1929418
KTNS,123451234512340,1150225,2042679
KTNS,123451234512340,1150221,1968593
DIAM,032000601376001,1150223,1964656
DTV,032001402277001,1150225,1951359
DIAM,032000601376001,1150222,1943035
DTV,032001402277001,1150220,1983741
MALS,703487034870348,1150220,1911738
DTV,032001402277001,1150225,1921546
HANA,123451234512341,1150225,2053299
HANA,123451234512341,1150225,1774442
HERM,123451234512345,1150222,2022561
DIAM,032000601376001,1150225,1912194
KTNS,123451234512340,1150223,2024335
HERM,123451234512345,1150224,2031671
KTNS,123451234512340,1150220,1963986
JESS,123451234512346,1150223,2037693
JESS,123451234512346,1150220,1984224
DIAM,032000601376001,1150223,1979967
DIAM,032000601376001,1150225,1928699
JESS,123451234512346,1150221,2014767
HERM,123451234512345,1150223,1888657
HERM,123451234512345,1150220,2024740
HERM,123451234512345,1150223,2024792
MALS,703487034870348,1150222,1950203
HERM,123451234512345,1150220,1981405
JESS,123451234512346,1150224,1864167
DIAM,032000601376001,1150221,2100983
DIAM,032000601376001,1150224,2075867
JESS,123451234512346,1150224,1890379
JESS,123451234512346,1150221,2053214
HANA,123451234512341,1150225,2066174
JESS,123451234512346,1150220,1920323
MALS,703487034870348,1150222,1925929
JESS,123451234512346,1150224,2186019
HANA,123451234512341,1150223,2187839
HERM,123451234512345,1150220,2124117
DIAM,032000601376001,1150223,2080628
DIAM,032000601376001,1150223,2013067
DIAM,032000601376001,1150225,1911269
DIAM,032000601376001,1150223,2018859
DTV,032001402277001,1150222,1993938
MALS,703487034870348,1150222,1917010
DTV,032001402277001,1150224,2152797
DIAM,032000601376001,1150220,1973060
DTV,032001402277001,1150220,1989457
JESS,123451234512346,1150222,2065977
HERM,123451234512345,1150221,2092302
DIAM,032000601376001,1150222,1973971
JESS,123451234512346,1150225,1796056
HERM,123451234512345,1150225,1969911
HANA,123451234512341,1150225,2135899
DTV,032001402277001,1150221,1859602
DIAM,032000601376001,1150223,2170744
DIAM,032000601376001,1150222,1837834
JESS,123451234512346,1150221,1979035
DTV,032001402277001,1150225,2218533
HANA,123451234512341,1150222,1942683
KTNS,123451234512340,1150223,1941637
JESS,123451234512346,1150221,1965405
HERM,123451234512345,1150222,2168279
MALS,703487034870348,1150222,1940911
JESS,123451234512346,1150224,2068405
DIAM,032000601376001,1150221,2229442
MALS,703487034870348,1150224,2013890
MALS,703487034870348,1150223,1963053
HANA,123451234512341,1150222,2163317
DTV,032001402277001,1150221,2046562
DTV,032001402277001,1150223,1853947
KTNS,123451234512340,1150220,2130769
MALS,703487034870348,1150221,2096233
DTV,032001402277001,1150224,1973481
DIAM,032000601376001,1150224,2094263
KTNS,123451234512340,1150223,1954250
DIAM,032000601376001,1150224,2005076
DTV,032001402277001,1150224,2025748
HANA,123451234512341,1150222,1929889
HANA,123451234512341,1150225,2042412
MALS,703487034870348,1150223,1976144
JESS,123451234512346,1150223,2084282
JESS,123451234512346,1150222,2043149
KTNS,123451234512340,1150225,2099951
MALS,703487034870348,1150221,2088062
HERM,123451234512345,1150220,2084277
DIAM,032000601376001,1150225,2026241
DTV,032001402277001,1150222,2030928
DTV,032001402277001,1150225,2257435
HANA,123451234512341,1150220,1880595
HANA,123451234512341,1150220,2032882
JESS,123451234512346,1150223,1992851
KTNS,123451234512340,1150220,2203521
KTNS,123451234512340,1150225,1942962
KTNS,123451234512340,1150225,1812041
DTV,032001402277001,1150222,2083536
JESS,123451234512346,1150223,2060758
KTNS,123451234512340,1150220,1991346
DIAM,032000601376001,1150220,1786413
JESS,123451234512346,1150221,1960673
KTNS,123451234512340,1150224,1994677
MALS,703487034870348,1150221,2034867
DTV,032001402277001,1150223,1793530
MALS,703487034870348,1150221,1973054
KTNS,123451234512340,1150220,2006121
DIAM,032000601376001,1150224,2002669
JESS,123451234512346,1150224,1827763
MALS,703487034870348,1150220,2069812
HANA,123451234512341,1150223,2214688
DTV,032001402277001,1150223,2012806
DTV,032001402277001,1150220,1832396
KTNS,123451234512340,1150220,2145425
HERM,123451234512345,1150221,1976663
DTV,032001402277001,1150224,2059977
HANA,123451234512341,1150224,1850932
HERM,123451234512345,1150224,2029399
HANA,123451234512341,1150225,1934116
HERM,123451234512345,1150220,2096916
JESS,123451234512346,1150225,2065373
KTNS,123451234512340,1150223,2015632
MALS,703487034870348,1150224,2084245
MALS,703487034870348,1150224,2059597
KTNS,123451234512340,1150225,2020882
KTNS,123451234512340,1150225,1958822
DIAM,032000601376001,1150220,2039402
KTNS,123451234512340,1150223,1940966
HANA,123451234512341,1150225,1948353
DIAM,032000601376001,1150221,1861255
DIAM,032000601376001,1150220,1950402
KTNS,123451234512340,1150225,2292234
JESS,123451234512346,1150222,1965328
MALS,703487034870348,1150221,2028792
MALS,703487034870348,1150221,1970705
HANA,123451234512341,1150220,2128071
DIAM,032000601376001,1150224,2167300
KTNS,123451234512340,1150220,2070827
MALS,703487034870348,1150223,2149868
KTNS,123451234512340,1150224,2038154
KTNS,123451234512340,1150225,2050727
DTV,032001402277001,1150224,2016636
DIAM,032000601376001,1150224,1937980
